{
  "assembly": null,
  "bytecode": "",
  "functionHashes": {
    "receiveApproval(address,uint256,address,bytes)": "8f4ffcb1"
  },
  "gasEstimates": {
    "creation": {},
    "external": {},
    "internal": {}
  },
  "interface": "[{\"constant\":false,\"inputs\":[{\"name\":\"from\",\"type\":\"address\"},{\"name\":\"tokens\",\"type\":\"uint256\"},{\"name\":\"token\",\"type\":\"address\"},{\"name\":\"data\",\"type\":\"bytes\"}],\"name\":\"receiveApproval\",\"outputs\":[],\"payable\":false,\"stateMutability\":\"nonpayable\",\"type\":\"function\"}]",
  "metadata": "",
  "opcodes": "",
  "runtimeBytecode": "",
  "srcmap": "",
  "srcmapRuntime": ""
}
