{
  "assembly": null,
  "bytecode": "",
  "functionHashes": {
    "allowance(address,address)": "dd62ed3e",
    "approve(address,uint256)": "095ea7b3",
    "balanceOf(address)": "70a08231",
    "totalSupply()": "18160ddd",
    "transfer(address,uint256)": "a9059cbb",
    "transferFrom(address,address,uint256)": "23b872dd"
  },
  "gasEstimates": {
    "creation": {},
    "external": {},
    "internal": {}
  },
  "interface": "[{\"constant\":false,\"inputs\":[{\"name\":\"spender\",\"type\":\"address\"},{\"name\":\"tokens\",\"type\":\"uint256\"}],\"name\":\"approve\",\"outputs\":[{\"name\":\"success\",\"type\":\"bool\"}],\"payable\":false,\"stateMutability\":\"nonpayable\",\"type\":\"function\"},{\"constant\":true,\"inputs\":[],\"name\":\"totalSupply\",\"outputs\":[{\"name\":\"\",\"type\":\"uint256\"}],\"payable\":false,\"stateMutability\":\"view\",\"type\":\"function\"},{\"constant\":false,\"inputs\":[{\"name\":\"from\",\"type\":\"address\"},{\"name\":\"to\",\"type\":\"address\"},{\"name\":\"tokens\",\"type\":\"uint256\"}],\"name\":\"transferFrom\",\"outputs\":[{\"name\":\"success\",\"type\":\"bool\"}],\"payable\":false,\"stateMutability\":\"nonpayable\",\"type\":\"function\"},{\"constant\":true,\"inputs\":[{\"name\":\"tokenOwner\",\"type\":\"address\"}],\"name\":\"balanceOf\",\"outputs\":[{\"name\":\"balance\",\"type\":\"uint256\"}],\"payable\":false,\"stateMutability\":\"view\",\"type\":\"function\"},{\"constant\":false,\"inputs\":[{\"name\":\"to\",\"type\":\"address\"},{\"name\":\"tokens\",\"type\":\"uint256\"}],\"name\":\"transfer\",\"outputs\":[{\"name\":\"success\",\"type\":\"bool\"}],\"payable\":false,\"stateMutability\":\"nonpayable\",\"type\":\"function\"},{\"constant\":true,\"inputs\":[{\"name\":\"tokenOwner\",\"type\":\"address\"},{\"name\":\"spender\",\"type\":\"address\"}],\"name\":\"allowance\",\"outputs\":[{\"name\":\"remaining\",\"type\":\"uint256\"}],\"payable\":false,\"stateMutability\":\"view\",\"type\":\"function\"},{\"anonymous\":false,\"inputs\":[{\"indexed\":true,\"name\":\"from\",\"type\":\"address\"},{\"indexed\":true,\"name\":\"to\",\"type\":\"address\"},{\"indexed\":false,\"name\":\"tokens\",\"type\":\"uint256\"}],\"name\":\"Transfer\",\"type\":\"event\"},{\"anonymous\":false,\"inputs\":[{\"indexed\":true,\"name\":\"tokenOwner\",\"type\":\"address\"},{\"indexed\":true,\"name\":\"spender\",\"type\":\"address\"},{\"indexed\":false,\"name\":\"tokens\",\"type\":\"uint256\"}],\"name\":\"Approval\",\"type\":\"event\"}]",
  "metadata": "",
  "opcodes": "",
  "runtimeBytecode": "",
  "srcmap": "",
  "srcmapRuntime": ""
}
